{"cameraMode":{"drawMode":0,"name":"Shaded","section":"Shading Mode"},"sceneLighting":true,"audioPlay":false,"sceneViewState":{"showFog":true,"showMaterialUpdate":false,"showSkybox":false,"showFlares":true,"showImageEffects":true,"showParticleSystems":true},"in2DMode":false,"pivot":{"x":2.7070000171661379,"y":0.5699999332427979,"z":5.789999961853027},"rotation":{"x":-0.5106731057167053,"y":0.21379677951335908,"z":-0.1327899992465973,"w":-0.8221439719200134},"size":0.8660253882408142,"orthographic":false}